{
	"textures": [
		{
			"image": "Interface-0.png",
			"format": "RGBA8888",
			"size": {
				"w": 1249,
				"h": 458
			},
			"scale": 0.25,
			"frames": [
				{
					"filename": "Mask_Eye",
					"rotated": false,
					"trimmed": false,
					"sourceSize": {
						"w": 679,
						"h": 456
					},
					"spriteSourceSize": {
						"x": 0,
						"y": 0,
						"w": 679,
						"h": 456
					},
					"frame": {
						"x": 1,
						"y": 1,
						"w": 679,
						"h": 456
					}
				},
				{
					"filename": "Image_Loading",
					"rotated": false,
					"trimmed": false,
					"sourceSize": {
						"w": 566,
						"h": 255
					},
					"spriteSourceSize": {
						"x": 0,
						"y": 0,
						"w": 566,
						"h": 255
					},
					"frame": {
						"x": 682,
						"y": 1,
						"w": 566,
						"h": 255
					}
				},
				{
					"filename": "Control_Zoom_Slider",
					"rotated": false,
					"trimmed": false,
					"sourceSize": {
						"w": 28,
						"h": 146
					},
					"spriteSourceSize": {
						"x": 0,
						"y": 0,
						"w": 28,
						"h": 146
					},
					"frame": {
						"x": 682,
						"y": 258,
						"w": 28,
						"h": 146
					}
				},
				{
					"filename": "Background_Loading",
					"rotated": false,
					"trimmed": false,
					"sourceSize": {
						"w": 145,
						"h": 47
					},
					"spriteSourceSize": {
						"x": 0,
						"y": 0,
						"w": 145,
						"h": 47
					},
					"frame": {
						"x": 682,
						"y": 406,
						"w": 145,
						"h": 47
					}
				},
				{
					"filename": "Image_Permission",
					"rotated": false,
					"trimmed": false,
					"sourceSize": {
						"w": 223,
						"h": 106
					},
					"spriteSourceSize": {
						"x": 0,
						"y": 0,
						"w": 223,
						"h": 106
					},
					"frame": {
						"x": 712,
						"y": 258,
						"w": 223,
						"h": 106
					}
				},
				{
					"filename": "Control_Zoom_Indicator",
					"rotated": false,
					"trimmed": false,
					"sourceSize": {
						"w": 26,
						"h": 19
					},
					"spriteSourceSize": {
						"x": 0,
						"y": 0,
						"w": 26,
						"h": 19
					},
					"frame": {
						"x": 712,
						"y": 366,
						"w": 26,
						"h": 19
					}
				},
				{
					"filename": "Clue_3_1",
					"rotated": false,
					"trimmed": false,
					"sourceSize": {
						"w": 59,
						"h": 65
					},
					"spriteSourceSize": {
						"x": 0,
						"y": 0,
						"w": 59,
						"h": 65
					},
					"frame": {
						"x": 829,
						"y": 366,
						"w": 59,
						"h": 65
					}
				},
				{
					"filename": "Background_Item_Found",
					"rotated": false,
					"trimmed": false,
					"sourceSize": {
						"w": 333,
						"h": 57
					},
					"spriteSourceSize": {
						"x": 0,
						"y": 0,
						"w": 333,
						"h": 57
					},
					"frame": {
						"x": 890,
						"y": 366,
						"w": 333,
						"h": 57
					}
				},
				{
					"filename": "Clue_3_3",
					"rotated": false,
					"trimmed": false,
					"sourceSize": {
						"w": 50,
						"h": 65
					},
					"spriteSourceSize": {
						"x": 0,
						"y": 0,
						"w": 50,
						"h": 65
					},
					"frame": {
						"x": 937,
						"y": 258,
						"w": 50,
						"h": 65
					}
				},
				{
					"filename": "Clue_1_2",
					"rotated": false,
					"trimmed": false,
					"sourceSize": {
						"w": 42,
						"h": 65
					},
					"spriteSourceSize": {
						"x": 0,
						"y": 0,
						"w": 42,
						"h": 65
					},
					"frame": {
						"x": 989,
						"y": 258,
						"w": 42,
						"h": 65
					}
				},
				{
					"filename": "Clue_1_1",
					"rotated": false,
					"trimmed": false,
					"sourceSize": {
						"w": 65,
						"h": 64
					},
					"spriteSourceSize": {
						"x": 0,
						"y": 0,
						"w": 65,
						"h": 64
					},
					"frame": {
						"x": 1033,
						"y": 258,
						"w": 65,
						"h": 64
					}
				},
				{
					"filename": "Clue_1_3",
					"rotated": false,
					"trimmed": false,
					"sourceSize": {
						"w": 65,
						"h": 58
					},
					"spriteSourceSize": {
						"x": 0,
						"y": 0,
						"w": 65,
						"h": 58
					},
					"frame": {
						"x": 1100,
						"y": 258,
						"w": 65,
						"h": 58
					}
				},
				{
					"filename": "Clue_3_2",
					"rotated": false,
					"trimmed": false,
					"sourceSize": {
						"w": 65,
						"h": 45
					},
					"spriteSourceSize": {
						"x": 0,
						"y": 0,
						"w": 65,
						"h": 45
					},
					"frame": {
						"x": 1100,
						"y": 318,
						"w": 65,
						"h": 45
					}
				},
				{
					"filename": "Clue_3_4",
					"rotated": false,
					"trimmed": false,
					"sourceSize": {
						"w": 65,
						"h": 52
					},
					"spriteSourceSize": {
						"x": 0,
						"y": 0,
						"w": 65,
						"h": 52
					},
					"frame": {
						"x": 1167,
						"y": 258,
						"w": 65,
						"h": 52
					}
				}
			]
		}
	],
	"meta": {
		"app": "https://www.codeandweb.com/texturepacker",
		"version": "3.0",
		"smartupdate": "$TexturePacker:SmartUpdate:0c4767ac658e34e32d6c965da97ac2e1:3c9f6953d548fa0ade2e4b213f8ae663:54b87496e18373c7e0c1f81b57f33241$"
	}
}
