{
	"textures": [
		{
			"image": "MainMenu_Objects-0.png",
			"format": "RGBA8888",
			"size": {
				"w": 248,
				"h": 126
			},
			"scale": 0.25,
			"frames": [
				{
					"filename": "Object_3_3",
					"rotated": false,
					"trimmed": false,
					"sourceSize": {
						"w": 67,
						"h": 57
					},
					"spriteSourceSize": {
						"x": 0,
						"y": 0,
						"w": 67,
						"h": 57
					},
					"frame": {
						"x": 1,
						"y": 1,
						"w": 67,
						"h": 57
					}
				},
				{
					"filename": "Object_1_3",
					"rotated": false,
					"trimmed": false,
					"sourceSize": {
						"w": 81,
						"h": 38
					},
					"spriteSourceSize": {
						"x": 0,
						"y": 0,
						"w": 81,
						"h": 38
					},
					"frame": {
						"x": 70,
						"y": 1,
						"w": 81,
						"h": 38
					}
				},
				{
					"filename": "Object_3_1",
					"rotated": false,
					"trimmed": false,
					"sourceSize": {
						"w": 62,
						"h": 56
					},
					"spriteSourceSize": {
						"x": 0,
						"y": 0,
						"w": 62,
						"h": 56
					},
					"frame": {
						"x": 1,
						"y": 60,
						"w": 62,
						"h": 56
					}
				},
				{
					"filename": "Object_3_4",
					"rotated": false,
					"trimmed": false,
					"sourceSize": {
						"w": 74,
						"h": 40
					},
					"spriteSourceSize": {
						"x": 0,
						"y": 0,
						"w": 74,
						"h": 40
					},
					"frame": {
						"x": 153,
						"y": 1,
						"w": 74,
						"h": 40
					}
				},
				{
					"filename": "Object_3_2",
					"rotated": false,
					"trimmed": false,
					"sourceSize": {
						"w": 77,
						"h": 35
					},
					"spriteSourceSize": {
						"x": 0,
						"y": 0,
						"w": 77,
						"h": 35
					},
					"frame": {
						"x": 70,
						"y": 41,
						"w": 77,
						"h": 35
					}
				},
				{
					"filename": "Object_1_1",
					"rotated": false,
					"trimmed": false,
					"sourceSize": {
						"w": 66,
						"h": 38
					},
					"spriteSourceSize": {
						"x": 0,
						"y": 0,
						"w": 66,
						"h": 38
					},
					"frame": {
						"x": 65,
						"y": 78,
						"w": 66,
						"h": 38
					}
				},
				{
					"filename": "Object_1_2",
					"rotated": false,
					"trimmed": false,
					"sourceSize": {
						"w": 64,
						"h": 36
					},
					"spriteSourceSize": {
						"x": 0,
						"y": 0,
						"w": 64,
						"h": 36
					},
					"frame": {
						"x": 149,
						"y": 43,
						"w": 64,
						"h": 36
					}
				},
				{
					"filename": "Button_Play",
					"rotated": false,
					"trimmed": false,
					"sourceSize": {
						"w": 44,
						"h": 41
					},
					"spriteSourceSize": {
						"x": 0,
						"y": 0,
						"w": 44,
						"h": 41
					},
					"frame": {
						"x": 133,
						"y": 81,
						"w": 44,
						"h": 41
					}
				},
				{
					"filename": "Button_Sound_CC",
					"rotated": false,
					"trimmed": false,
					"sourceSize": {
						"w": 39,
						"h": 23
					},
					"spriteSourceSize": {
						"x": 0,
						"y": 0,
						"w": 39,
						"h": 23
					},
					"frame": {
						"x": 179,
						"y": 81,
						"w": 39,
						"h": 23
					}
				},
				{
					"filename": "Button_Control_Face",
					"rotated": false,
					"trimmed": true,
					"sourceSize": {
						"w": 40,
						"h": 23
					},
					"spriteSourceSize": {
						"x": 5,
						"y": 2,
						"w": 30,
						"h": 19
					},
					"frame": {
						"x": 179,
						"y": 106,
						"w": 30,
						"h": 19
					}
				},
				{
					"filename": "Button_Control_Mouse",
					"rotated": false,
					"trimmed": true,
					"sourceSize": {
						"w": 46,
						"h": 26
					},
					"spriteSourceSize": {
						"x": 10,
						"y": 2,
						"w": 28,
						"h": 21
					},
					"frame": {
						"x": 215,
						"y": 43,
						"w": 28,
						"h": 21
					}
				},
				{
					"filename": "Button_Sound_On",
					"rotated": false,
					"trimmed": false,
					"sourceSize": {
						"w": 27,
						"h": 16
					},
					"spriteSourceSize": {
						"x": 0,
						"y": 0,
						"w": 27,
						"h": 16
					},
					"frame": {
						"x": 220,
						"y": 66,
						"w": 27,
						"h": 16
					}
				},
				{
					"filename": "Button_Sound_Off",
					"rotated": false,
					"trimmed": false,
					"sourceSize": {
						"w": 29,
						"h": 17
					},
					"spriteSourceSize": {
						"x": 0,
						"y": 0,
						"w": 29,
						"h": 17
					},
					"frame": {
						"x": 211,
						"y": 106,
						"w": 29,
						"h": 17
					}
				}
			]
		}
	],
	"meta": {
		"app": "https://www.codeandweb.com/texturepacker",
		"version": "3.0",
		"smartupdate": "$TexturePacker:SmartUpdate:966719ab3bdbbe28f0f43e6590cf32c8:60f98ebb751ab2bb8276c5c026cfc0a7:73da1ace95cbb48c22609ef2b3703628$"
	}
}
