{
	"textures": [
		{
			"image": "Screen_4-0.png",
			"format": "RGBA8888",
			"size": {
				"w": 155,
				"h": 253
			},
			"scale": 0.25,
			"frames": [
				{
					"filename": "Screen_1_4",
					"rotated": false,
					"trimmed": true,
					"sourceSize": {
						"w": 153,
						"h": 88
					},
					"spriteSourceSize": {
						"x": 0,
						"y": 0,
						"w": 153,
						"h": 83
					},
					"frame": {
						"x": 1,
						"y": 1,
						"w": 153,
						"h": 83
					}
				},
				{
					"filename": "Screen_1_10",
					"rotated": false,
					"trimmed": true,
					"sourceSize": {
						"w": 153,
						"h": 88
					},
					"spriteSourceSize": {
						"x": 0,
						"y": 0,
						"w": 153,
						"h": 82
					},
					"frame": {
						"x": 1,
						"y": 86,
						"w": 153,
						"h": 82
					}
				},
				{
					"filename": "Screen_1_2",
					"rotated": false,
					"trimmed": true,
					"sourceSize": {
						"w": 150,
						"h": 87
					},
					"spriteSourceSize": {
						"x": 0,
						"y": 0,
						"w": 150,
						"h": 82
					},
					"frame": {
						"x": 1,
						"y": 170,
						"w": 150,
						"h": 82
					}
				}
			]
		}
	],
	"meta": {
		"app": "https://www.codeandweb.com/texturepacker",
		"version": "3.0",
		"smartupdate": "$TexturePacker:SmartUpdate:403d1e48e2e17926f47799888646f20a:cbb870665975fdada44ddc2c8b9fa4a3:5c3c8d2563c92f39f01e3f5152f63f36$"
	}
}
