{
	"textures": [
		{
			"image": "Screen_3-0.png",
			"format": "RGBA8888",
			"size": {
				"w": 465,
				"h": 89
			},
			"scale": 0.25,
			"frames": [
				{
					"filename": "Screen_1_7",
					"rotated": false,
					"trimmed": true,
					"sourceSize": {
						"w": 163,
						"h": 94
					},
					"spriteSourceSize": {
						"x": 10,
						"y": 0,
						"w": 153,
						"h": 87
					},
					"frame": {
						"x": 1,
						"y": 1,
						"w": 153,
						"h": 87
					}
				},
				{
					"filename": "Screen_1_4",
					"rotated": false,
					"trimmed": true,
					"sourceSize": {
						"w": 153,
						"h": 88
					},
					"spriteSourceSize": {
						"x": 0,
						"y": 0,
						"w": 153,
						"h": 83
					},
					"frame": {
						"x": 156,
						"y": 1,
						"w": 153,
						"h": 83
					}
				},
				{
					"filename": "Screen_1_9",
					"rotated": false,
					"trimmed": true,
					"sourceSize": {
						"w": 154,
						"h": 89
					},
					"spriteSourceSize": {
						"x": 1,
						"y": 0,
						"w": 153,
						"h": 82
					},
					"frame": {
						"x": 311,
						"y": 1,
						"w": 153,
						"h": 82
					}
				}
			]
		}
	],
	"meta": {
		"app": "https://www.codeandweb.com/texturepacker",
		"version": "3.0",
		"smartupdate": "$TexturePacker:SmartUpdate:a1f8e9cd71fa5416bbfc326044acff59:6290ca5c38de0258e54c1405a1979ba7:a3bae01a10ba5dcdab7b17c90cf9940a$"
	}
}
