{
	"textures": [
		{
			"image": "Screen_10-0.png",
			"format": "RGBA8888",
			"size": {
				"w": 436,
				"h": 91
			},
			"scale": 0.25,
			"frames": [
				{
					"filename": "Screen_2_12",
					"rotated": false,
					"trimmed": true,
					"sourceSize": {
						"w": 153,
						"h": 89
					},
					"spriteSourceSize": {
						"x": 0,
						"y": 0,
						"w": 147,
						"h": 89
					},
					"frame": {
						"x": 1,
						"y": 1,
						"w": 147,
						"h": 89
					}
				},
				{
					"filename": "Screen_2_10",
					"rotated": false,
					"trimmed": true,
					"sourceSize": {
						"w": 153,
						"h": 89
					},
					"spriteSourceSize": {
						"x": 0,
						"y": 0,
						"w": 142,
						"h": 89
					},
					"frame": {
						"x": 150,
						"y": 1,
						"w": 142,
						"h": 89
					}
				},
				{
					"filename": "Screen_2_2",
					"rotated": false,
					"trimmed": true,
					"sourceSize": {
						"w": 150,
						"h": 87
					},
					"spriteSourceSize": {
						"x": 0,
						"y": 0,
						"w": 141,
						"h": 87
					},
					"frame": {
						"x": 294,
						"y": 1,
						"w": 141,
						"h": 87
					}
				}
			]
		}
	],
	"meta": {
		"app": "https://www.codeandweb.com/texturepacker",
		"version": "3.0",
		"smartupdate": "$TexturePacker:SmartUpdate:a55df351a51f9d807ef73290199c195b:910c235ef75411a1e469c20bb85fb3d2:587d08d6d4471a1ae47c5b0a0e4f2b2f$"
	}
}
