{
	"textures": [
		{
			"image": "MainMenu_Objects-0.png",
			"format": "RGBA8888",
			"size": {
				"w": 480,
				"h": 243
			},
			"scale": 0.5,
			"frames": [
				{
					"filename": "Object_3_3",
					"rotated": false,
					"trimmed": false,
					"sourceSize": {
						"w": 133,
						"h": 114
					},
					"spriteSourceSize": {
						"x": 0,
						"y": 0,
						"w": 133,
						"h": 114
					},
					"frame": {
						"x": 1,
						"y": 1,
						"w": 133,
						"h": 114
					}
				},
				{
					"filename": "Object_3_1",
					"rotated": false,
					"trimmed": false,
					"sourceSize": {
						"w": 125,
						"h": 112
					},
					"spriteSourceSize": {
						"x": 0,
						"y": 0,
						"w": 125,
						"h": 112
					},
					"frame": {
						"x": 1,
						"y": 117,
						"w": 125,
						"h": 112
					}
				},
				{
					"filename": "Button_Play",
					"rotated": false,
					"trimmed": false,
					"sourceSize": {
						"w": 87,
						"h": 82
					},
					"spriteSourceSize": {
						"x": 0,
						"y": 0,
						"w": 87,
						"h": 82
					},
					"frame": {
						"x": 128,
						"y": 117,
						"w": 87,
						"h": 82
					}
				},
				{
					"filename": "Button_Control_Mouse",
					"rotated": false,
					"trimmed": true,
					"sourceSize": {
						"w": 92,
						"h": 52
					},
					"spriteSourceSize": {
						"x": 22,
						"y": 5,
						"w": 52,
						"h": 40
					},
					"frame": {
						"x": 128,
						"y": 201,
						"w": 52,
						"h": 40
					}
				},
				{
					"filename": "Button_Control_Face",
					"rotated": false,
					"trimmed": true,
					"sourceSize": {
						"w": 79,
						"h": 46
					},
					"spriteSourceSize": {
						"x": 11,
						"y": 6,
						"w": 57,
						"h": 34
					},
					"frame": {
						"x": 182,
						"y": 201,
						"w": 57,
						"h": 34
					}
				},
				{
					"filename": "Object_3_4",
					"rotated": false,
					"trimmed": false,
					"sourceSize": {
						"w": 148,
						"h": 80
					},
					"spriteSourceSize": {
						"x": 0,
						"y": 0,
						"w": 148,
						"h": 80
					},
					"frame": {
						"x": 136,
						"y": 1,
						"w": 148,
						"h": 80
					}
				},
				{
					"filename": "Button_Sound_On",
					"rotated": false,
					"trimmed": false,
					"sourceSize": {
						"w": 55,
						"h": 32
					},
					"spriteSourceSize": {
						"x": 0,
						"y": 0,
						"w": 55,
						"h": 32
					},
					"frame": {
						"x": 136,
						"y": 83,
						"w": 55,
						"h": 32
					}
				},
				{
					"filename": "Object_1_3",
					"rotated": false,
					"trimmed": false,
					"sourceSize": {
						"w": 163,
						"h": 75
					},
					"spriteSourceSize": {
						"x": 0,
						"y": 0,
						"w": 163,
						"h": 75
					},
					"frame": {
						"x": 286,
						"y": 1,
						"w": 163,
						"h": 75
					}
				},
				{
					"filename": "Object_1_1",
					"rotated": false,
					"trimmed": false,
					"sourceSize": {
						"w": 131,
						"h": 75
					},
					"spriteSourceSize": {
						"x": 0,
						"y": 0,
						"w": 131,
						"h": 75
					},
					"frame": {
						"x": 217,
						"y": 83,
						"w": 131,
						"h": 75
					}
				},
				{
					"filename": "Button_Sound_Off",
					"rotated": false,
					"trimmed": false,
					"sourceSize": {
						"w": 57,
						"h": 34
					},
					"spriteSourceSize": {
						"x": 0,
						"y": 0,
						"w": 57,
						"h": 34
					},
					"frame": {
						"x": 217,
						"y": 160,
						"w": 57,
						"h": 34
					}
				},
				{
					"filename": "Button_Sound_CC",
					"rotated": false,
					"trimmed": false,
					"sourceSize": {
						"w": 79,
						"h": 46
					},
					"spriteSourceSize": {
						"x": 0,
						"y": 0,
						"w": 79,
						"h": 46
					},
					"frame": {
						"x": 241,
						"y": 196,
						"w": 79,
						"h": 46
					}
				},
				{
					"filename": "Object_1_2",
					"rotated": false,
					"trimmed": false,
					"sourceSize": {
						"w": 129,
						"h": 73
					},
					"spriteSourceSize": {
						"x": 0,
						"y": 0,
						"w": 129,
						"h": 73
					},
					"frame": {
						"x": 350,
						"y": 78,
						"w": 129,
						"h": 73
					}
				},
				{
					"filename": "Object_3_2",
					"rotated": false,
					"trimmed": false,
					"sourceSize": {
						"w": 154,
						"h": 70
					},
					"spriteSourceSize": {
						"x": 0,
						"y": 0,
						"w": 154,
						"h": 70
					},
					"frame": {
						"x": 322,
						"y": 160,
						"w": 154,
						"h": 70
					}
				}
			]
		}
	],
	"meta": {
		"app": "https://www.codeandweb.com/texturepacker",
		"version": "3.0",
		"smartupdate": "$TexturePacker:SmartUpdate:966719ab3bdbbe28f0f43e6590cf32c8:60f98ebb751ab2bb8276c5c026cfc0a7:73da1ace95cbb48c22609ef2b3703628$"
	}
}
