{
	"textures": [
		{
			"image": "Screen_4-0.png",
			"format": "RGBA8888",
			"size": {
				"w": 306,
				"h": 497
			},
			"scale": 0.5,
			"frames": [
				{
					"filename": "Screen_1_4",
					"rotated": false,
					"trimmed": true,
					"sourceSize": {
						"w": 306,
						"h": 177
					},
					"spriteSourceSize": {
						"x": 2,
						"y": 0,
						"w": 304,
						"h": 165
					},
					"frame": {
						"x": 1,
						"y": 1,
						"w": 304,
						"h": 165
					}
				},
				{
					"filename": "Screen_1_10",
					"rotated": false,
					"trimmed": true,
					"sourceSize": {
						"w": 306,
						"h": 177
					},
					"spriteSourceSize": {
						"x": 2,
						"y": 0,
						"w": 304,
						"h": 164
					},
					"frame": {
						"x": 1,
						"y": 168,
						"w": 304,
						"h": 164
					}
				},
				{
					"filename": "Screen_1_2",
					"rotated": false,
					"trimmed": true,
					"sourceSize": {
						"w": 300,
						"h": 173
					},
					"spriteSourceSize": {
						"x": 1,
						"y": 0,
						"w": 299,
						"h": 162
					},
					"frame": {
						"x": 1,
						"y": 334,
						"w": 299,
						"h": 162
					}
				}
			]
		}
	],
	"meta": {
		"app": "https://www.codeandweb.com/texturepacker",
		"version": "3.0",
		"smartupdate": "$TexturePacker:SmartUpdate:403d1e48e2e17926f47799888646f20a:cbb870665975fdada44ddc2c8b9fa4a3:5c3c8d2563c92f39f01e3f5152f63f36$"
	}
}
