{
	"textures": [
		{
			"image": "Screen_7-0.png",
			"format": "RGBA8888",
			"size": {
				"w": 307,
				"h": 500
			},
			"scale": 0.5,
			"frames": [
				{
					"filename": "Screen_1_12",
					"rotated": false,
					"trimmed": true,
					"sourceSize": {
						"w": 307,
						"h": 177
					},
					"spriteSourceSize": {
						"x": 2,
						"y": 0,
						"w": 305,
						"h": 170
					},
					"frame": {
						"x": 1,
						"y": 1,
						"w": 305,
						"h": 170
					}
				},
				{
					"filename": "Screen_1_9",
					"rotated": false,
					"trimmed": true,
					"sourceSize": {
						"w": 309,
						"h": 178
					},
					"spriteSourceSize": {
						"x": 3,
						"y": 0,
						"w": 305,
						"h": 162
					},
					"frame": {
						"x": 1,
						"y": 173,
						"w": 305,
						"h": 162
					}
				},
				{
					"filename": "Screen_1_2",
					"rotated": false,
					"trimmed": true,
					"sourceSize": {
						"w": 300,
						"h": 173
					},
					"spriteSourceSize": {
						"x": 1,
						"y": 0,
						"w": 299,
						"h": 162
					},
					"frame": {
						"x": 1,
						"y": 337,
						"w": 299,
						"h": 162
					}
				}
			]
		}
	],
	"meta": {
		"app": "https://www.codeandweb.com/texturepacker",
		"version": "3.0",
		"smartupdate": "$TexturePacker:SmartUpdate:ff94cc812d7578f101d345f557a4fe52:2756b385051ee0bfe87cf81b648f0b83:08782ba7ef98a61cfef2545700e40f62$"
	}
}
