{
	"textures": [
		{
			"image": "Interface-0.png",
			"format": "RGBA8888",
			"size": {
				"w": 4051,
				"h": 1826
			},
			"scale": 1,
			"frames": [
				{
					"filename": "Mask_Eye",
					"rotated": false,
					"trimmed": false,
					"sourceSize": {
						"w": 2715,
						"h": 1824
					},
					"spriteSourceSize": {
						"x": 0,
						"y": 0,
						"w": 2715,
						"h": 1824
					},
					"frame": {
						"x": 1,
						"y": 1,
						"w": 2715,
						"h": 1824
					}
				},
				{
					"filename": "Control_Zoom_Slider",
					"rotated": false,
					"trimmed": false,
					"sourceSize": {
						"w": 111,
						"h": 585
					},
					"spriteSourceSize": {
						"x": 0,
						"y": 0,
						"w": 111,
						"h": 585
					},
					"frame": {
						"x": 2718,
						"y": 1,
						"w": 111,
						"h": 585
					}
				},
				{
					"filename": "Image_Permission",
					"rotated": false,
					"trimmed": false,
					"sourceSize": {
						"w": 893,
						"h": 425
					},
					"spriteSourceSize": {
						"x": 0,
						"y": 0,
						"w": 893,
						"h": 425
					},
					"frame": {
						"x": 2718,
						"y": 588,
						"w": 893,
						"h": 425
					}
				},
				{
					"filename": "Background_Loading",
					"rotated": false,
					"trimmed": false,
					"sourceSize": {
						"w": 579,
						"h": 189
					},
					"spriteSourceSize": {
						"x": 0,
						"y": 0,
						"w": 579,
						"h": 189
					},
					"frame": {
						"x": 2831,
						"y": 1,
						"w": 579,
						"h": 189
					}
				},
				{
					"filename": "Clue_1_1",
					"rotated": false,
					"trimmed": false,
					"sourceSize": {
						"w": 259,
						"h": 256
					},
					"spriteSourceSize": {
						"x": 0,
						"y": 0,
						"w": 259,
						"h": 256
					},
					"frame": {
						"x": 3412,
						"y": 1,
						"w": 259,
						"h": 256
					}
				},
				{
					"filename": "Clue_3_4",
					"rotated": false,
					"trimmed": false,
					"sourceSize": {
						"w": 259,
						"h": 206
					},
					"spriteSourceSize": {
						"x": 0,
						"y": 0,
						"w": 259,
						"h": 206
					},
					"frame": {
						"x": 2831,
						"y": 192,
						"w": 259,
						"h": 206
					}
				},
				{
					"filename": "Clue_3_1",
					"rotated": false,
					"trimmed": false,
					"sourceSize": {
						"w": 234,
						"h": 259
					},
					"spriteSourceSize": {
						"x": 0,
						"y": 0,
						"w": 234,
						"h": 259
					},
					"frame": {
						"x": 3092,
						"y": 192,
						"w": 234,
						"h": 259
					}
				},
				{
					"filename": "Clue_3_2",
					"rotated": false,
					"trimmed": false,
					"sourceSize": {
						"w": 259,
						"h": 179
					},
					"spriteSourceSize": {
						"x": 0,
						"y": 0,
						"w": 259,
						"h": 179
					},
					"frame": {
						"x": 2831,
						"y": 400,
						"w": 259,
						"h": 179
					}
				},
				{
					"filename": "Clue_1_3",
					"rotated": false,
					"trimmed": false,
					"sourceSize": {
						"w": 258,
						"h": 230
					},
					"spriteSourceSize": {
						"x": 0,
						"y": 0,
						"w": 258,
						"h": 230
					},
					"frame": {
						"x": 3328,
						"y": 259,
						"w": 258,
						"h": 230
					}
				},
				{
					"filename": "Control_Zoom_Indicator",
					"rotated": false,
					"trimmed": false,
					"sourceSize": {
						"w": 102,
						"h": 75
					},
					"spriteSourceSize": {
						"x": 0,
						"y": 0,
						"w": 102,
						"h": 75
					},
					"frame": {
						"x": 3092,
						"y": 453,
						"w": 102,
						"h": 75
					}
				},
				{
					"filename": "Clue_3_3",
					"rotated": false,
					"trimmed": false,
					"sourceSize": {
						"w": 198,
						"h": 258
					},
					"spriteSourceSize": {
						"x": 0,
						"y": 0,
						"w": 198,
						"h": 258
					},
					"frame": {
						"x": 3588,
						"y": 259,
						"w": 198,
						"h": 258
					}
				},
				{
					"filename": "Background_Item_Found",
					"rotated": false,
					"trimmed": false,
					"sourceSize": {
						"w": 1332,
						"h": 228
					},
					"spriteSourceSize": {
						"x": 0,
						"y": 0,
						"w": 1332,
						"h": 228
					},
					"frame": {
						"x": 2718,
						"y": 1015,
						"w": 1332,
						"h": 228
					}
				},
				{
					"filename": "Clue_1_2",
					"rotated": false,
					"trimmed": false,
					"sourceSize": {
						"w": 167,
						"h": 258
					},
					"spriteSourceSize": {
						"x": 0,
						"y": 0,
						"w": 167,
						"h": 258
					},
					"frame": {
						"x": 3613,
						"y": 519,
						"w": 167,
						"h": 258
					}
				}
			]
		},
		{
			"image": "Interface-1.png",
			"format": "RGBA8888",
			"size": {
				"w": 2264,
				"h": 1022
			},
			"scale": 1,
			"frames": [
				{
					"filename": "Image_Loading",
					"rotated": false,
					"trimmed": false,
					"sourceSize": {
						"w": 2262,
						"h": 1020
					},
					"spriteSourceSize": {
						"x": 0,
						"y": 0,
						"w": 2262,
						"h": 1020
					},
					"frame": {
						"x": 1,
						"y": 1,
						"w": 2262,
						"h": 1020
					}
				}
			]
		}
	],
	"meta": {
		"app": "https://www.codeandweb.com/texturepacker",
		"version": "3.0",
		"smartupdate": "$TexturePacker:SmartUpdate:0c4767ac658e34e32d6c965da97ac2e1:3c9f6953d548fa0ade2e4b213f8ae663:54b87496e18373c7e0c1f81b57f33241$"
	}
}
