{
	"textures": [
		{
			"image": "MainMenu_Objects-0.png",
			"format": "RGBA8888",
			"size": {
				"w": 972,
				"h": 460
			},
			"scale": 1,
			"frames": [
				{
					"filename": "Object_3_3",
					"rotated": false,
					"trimmed": false,
					"sourceSize": {
						"w": 266,
						"h": 227
					},
					"spriteSourceSize": {
						"x": 0,
						"y": 0,
						"w": 266,
						"h": 227
					},
					"frame": {
						"x": 1,
						"y": 1,
						"w": 266,
						"h": 227
					}
				},
				{
					"filename": "Object_1_3",
					"rotated": false,
					"trimmed": false,
					"sourceSize": {
						"w": 325,
						"h": 150
					},
					"spriteSourceSize": {
						"x": 0,
						"y": 0,
						"w": 325,
						"h": 150
					},
					"frame": {
						"x": 269,
						"y": 1,
						"w": 325,
						"h": 150
					}
				},
				{
					"filename": "Object_3_1",
					"rotated": false,
					"trimmed": false,
					"sourceSize": {
						"w": 249,
						"h": 223
					},
					"spriteSourceSize": {
						"x": 0,
						"y": 0,
						"w": 249,
						"h": 223
					},
					"frame": {
						"x": 1,
						"y": 230,
						"w": 249,
						"h": 223
					}
				},
				{
					"filename": "Object_3_2",
					"rotated": false,
					"trimmed": false,
					"sourceSize": {
						"w": 307,
						"h": 140
					},
					"spriteSourceSize": {
						"x": 0,
						"y": 0,
						"w": 307,
						"h": 140
					},
					"frame": {
						"x": 596,
						"y": 1,
						"w": 307,
						"h": 140
					}
				},
				{
					"filename": "Object_3_4",
					"rotated": false,
					"trimmed": false,
					"sourceSize": {
						"w": 296,
						"h": 159
					},
					"spriteSourceSize": {
						"x": 0,
						"y": 0,
						"w": 296,
						"h": 159
					},
					"frame": {
						"x": 269,
						"y": 153,
						"w": 296,
						"h": 159
					}
				},
				{
					"filename": "Object_1_2",
					"rotated": false,
					"trimmed": false,
					"sourceSize": {
						"w": 257,
						"h": 145
					},
					"spriteSourceSize": {
						"x": 0,
						"y": 0,
						"w": 257,
						"h": 145
					},
					"frame": {
						"x": 252,
						"y": 314,
						"w": 257,
						"h": 145
					}
				},
				{
					"filename": "Object_1_1",
					"rotated": false,
					"trimmed": false,
					"sourceSize": {
						"w": 262,
						"h": 150
					},
					"spriteSourceSize": {
						"x": 0,
						"y": 0,
						"w": 262,
						"h": 150
					},
					"frame": {
						"x": 596,
						"y": 143,
						"w": 262,
						"h": 150
					}
				},
				{
					"filename": "Button_Play",
					"rotated": false,
					"trimmed": false,
					"sourceSize": {
						"w": 174,
						"h": 164
					},
					"spriteSourceSize": {
						"x": 0,
						"y": 0,
						"w": 174,
						"h": 164
					},
					"frame": {
						"x": 567,
						"y": 295,
						"w": 174,
						"h": 164
					}
				},
				{
					"filename": "Button_Sound_CC",
					"rotated": false,
					"trimmed": false,
					"sourceSize": {
						"w": 157,
						"h": 91
					},
					"spriteSourceSize": {
						"x": 0,
						"y": 0,
						"w": 157,
						"h": 91
					},
					"frame": {
						"x": 743,
						"y": 295,
						"w": 157,
						"h": 91
					}
				},
				{
					"filename": "Button_Sound_Off",
					"rotated": false,
					"trimmed": false,
					"sourceSize": {
						"w": 114,
						"h": 67
					},
					"spriteSourceSize": {
						"x": 0,
						"y": 0,
						"w": 114,
						"h": 67
					},
					"frame": {
						"x": 743,
						"y": 388,
						"w": 114,
						"h": 67
					}
				},
				{
					"filename": "Button_Control_Face",
					"rotated": false,
					"trimmed": true,
					"sourceSize": {
						"w": 158,
						"h": 92
					},
					"spriteSourceSize": {
						"x": 23,
						"y": 13,
						"w": 112,
						"h": 66
					},
					"frame": {
						"x": 859,
						"y": 388,
						"w": 112,
						"h": 66
					}
				},
				{
					"filename": "Button_Control_Mouse",
					"rotated": false,
					"trimmed": true,
					"sourceSize": {
						"w": 184,
						"h": 103
					},
					"spriteSourceSize": {
						"x": 45,
						"y": 12,
						"w": 101,
						"h": 76
					},
					"frame": {
						"x": 860,
						"y": 143,
						"w": 101,
						"h": 76
					}
				},
				{
					"filename": "Button_Sound_On",
					"rotated": false,
					"trimmed": false,
					"sourceSize": {
						"w": 109,
						"h": 64
					},
					"spriteSourceSize": {
						"x": 0,
						"y": 0,
						"w": 109,
						"h": 64
					},
					"frame": {
						"x": 860,
						"y": 221,
						"w": 109,
						"h": 64
					}
				}
			]
		}
	],
	"meta": {
		"app": "https://www.codeandweb.com/texturepacker",
		"version": "3.0",
		"smartupdate": "$TexturePacker:SmartUpdate:966719ab3bdbbe28f0f43e6590cf32c8:60f98ebb751ab2bb8276c5c026cfc0a7:73da1ace95cbb48c22609ef2b3703628$"
	}
}
