{
	"textures": [
		{
			"image": "Screen_5-0.png",
			"format": "RGBA8888",
			"size": {
				"w": 1808,
				"h": 331
			},
			"scale": 1,
			"frames": [
				{
					"filename": "Screen_1_8",
					"rotated": false,
					"trimmed": true,
					"sourceSize": {
						"w": 607,
						"h": 351
					},
					"spriteSourceSize": {
						"x": 6,
						"y": 0,
						"w": 601,
						"h": 329
					},
					"frame": {
						"x": 1,
						"y": 1,
						"w": 601,
						"h": 329
					}
				},
				{
					"filename": "Screen_1_4",
					"rotated": false,
					"trimmed": true,
					"sourceSize": {
						"w": 612,
						"h": 353
					},
					"spriteSourceSize": {
						"x": 5,
						"y": 0,
						"w": 607,
						"h": 328
					},
					"frame": {
						"x": 604,
						"y": 1,
						"w": 607,
						"h": 328
					}
				},
				{
					"filename": "Screen_1_2",
					"rotated": false,
					"trimmed": true,
					"sourceSize": {
						"w": 599,
						"h": 346
					},
					"spriteSourceSize": {
						"x": 3,
						"y": 0,
						"w": 594,
						"h": 322
					},
					"frame": {
						"x": 1213,
						"y": 1,
						"w": 594,
						"h": 322
					}
				}
			]
		}
	],
	"meta": {
		"app": "https://www.codeandweb.com/texturepacker",
		"version": "3.0",
		"smartupdate": "$TexturePacker:SmartUpdate:f294841b9101c1feb48190701b35d312:6783e1d2eb512eff0bd518dd5761a424:c673e6f7dd7a0fa7c14a2c8a5a77775f$"
	}
}
